{
  "model": "stage2_model.h5",
  "legacy": true,
  "n_test": 355,
  "top1_accuracy": 0.36619718309859156,
  "top3_accuracy": 0.6394366197183099,
  "macro_f1": 0.33757408452222193,
  "weighted_f1": 0.35206367726346827,
  "per_class": {
    "Avulsion fracture": {
      "precision": 0.4186046511627907,
      "recall": 0.6,
      "f1-score": 0.4931506849315068,
      "support": 30.0
    },
    "Comminuted fracture": {
      "precision": 0.4791666666666667,
      "recall": 0.38333333333333336,
      "f1-score": 0.42592592592592593,
      "support": 60.0
    },
    "Compression-Crush fracture": {
      "precision": 0.6388888888888888,
      "recall": 0.7666666666666667,
      "f1-score": 0.696969696969697,
      "support": 30.0
    },
    "Fracture Dislocation": {
      "precision": 0.19047619047619047,
      "recall": 0.13333333333333333,
      "f1-score": 0.1568627450980392,
      "support": 30.0
    },
    "Greenstick fracture": {
      "precision": 0.3783783783783784,
      "recall": 0.56,
      "f1-score": 0.45161290322580644,
      "support": 25.0
    },
    "Hairline Fracture": {
      "precision": 0.37209302325581395,
      "recall": 0.5714285714285714,
      "f1-score": 0.4507042253521127,
      "support": 28.0
    },
    "Impacted fracture": {
      "precision": 0.14285714285714285,
      "recall": 0.13333333333333333,
      "f1-score": 0.13793103448275862,
      "support": 30.0
    },
    "Intra-articular fracture": {
      "precision": 0.25,
      "recall": 0.2727272727272727,
      "f1-score": 0.2608695652173913,
      "support": 22.0
    },
    "Longitudinal fracture": {
      "precision": 0.14285714285714285,
      "recall": 0.08,
      "f1-score": 0.10256410256410256,
      "support": 25.0
    },
    "Oblique fracture": {
      "precision": 0.17391304347826086,
      "recall": 0.2,
      "f1-score": 0.18604651162790697,
      "support": 20.0
    },
    "Pathological fracture": {
      "precision": 0.36363636363636365,
      "recall": 0.32,
      "f1-score": 0.3404255319148936,
      "support": 25.0
    },
    "Spiral Fracture": {
      "precision": 0.5,
      "recall": 0.26666666666666666,
      "f1-score": 0.34782608695652173,
      "support": 30.0
    },
    "accuracy": 0.36619718309859156,
    "macro avg": {
      "precision": 0.3375726243048032,
      "recall": 0.3572907647907648,
      "f1-score": 0.33757408452222193,
      "support": 355.0
    },
    "weighted avg": {
      "precision": 0.357728081250917,
      "recall": 0.36619718309859156,
      "f1-score": 0.35206367726346827,
      "support": 355.0
    }
  },
  "confusion_matrix": [
    [
      18,
      1,
      0,
      2,
      0,
      3,
      1,
      0,
      1,
      1,
      1,
      2
    ],
    [
      4,
      23,
      1,
      4,
      3,
      2,
      10,
      5,
      1,
      6,
      1,
      0
    ],
    [
      0,
      0,
      23,
      2,
      0,
      0,
      3,
      1,
      1,
      0,
      0,
      0
    ],
    [
      7,
      2,
      2,
      4,
      2,
      3,
      1,
      2,
      1,
      3,
      3,
      0
    ],
    [
      1,
      1,
      0,
      0,
      14,
      2,
      3,
      2,
      1,
      0,
      1,
      0
    ],
    [
      1,
      0,
      0,
      0,
      5,
      16,
      0,
      1,
      0,
      1,
      3,
      1
    ],
    [
      0,
      2,
      7,
      4,
      1,
      5,
      4,
      2,
      2,
      1,
      1,
      1
    ],
    [
      1,
      3,
      0,
      3,
      3,
      1,
      1,
      6,
      1,
      1,
      1,
      1
    ],
    [
      1,
      2,
      0,
      1,
      3,
      7,
      2,
      4,
      2,
      0,
      3,
      0
    ],
    [
      3,
      5,
      0,
      0,
      2,
      1,
      0,
      1,
      2,
      4,
      0,
      2
    ],
    [
      4,
      3,
      2,
      1,
      0,
      0,
      3,
      0,
      0,
      3,
      8,
      1
    ],
    [
      3,
      6,
      1,
      0,
      4,
      3,
      0,
      0,
      2,
      3,
      0,
      8
    ]
  ]
}